{
  "Total" : {
    "transaction" : "Total",
    "sampleCount" : 500,
    "errorCount" : 9,
    "errorPct" : 1.8,
    "meanResTime" : 1006.7819999999995,
    "medianResTime" : 779.5,
    "minResTime" : 177.0,
    "maxResTime" : 5358.0,
    "pct1ResTime" : 2159.300000000001,
    "pct2ResTime" : 2632.899999999999,
    "pct3ResTime" : 4206.220000000001,
    "throughput" : 22.167050895548854,
    "receivedKBytesPerSec" : 10.545541513344563,
    "sentKBytesPerSec" : 2.532758744901578
  },
  "HTTP Request" : {
    "transaction" : "HTTP Request",
    "sampleCount" : 500,
    "errorCount" : 9,
    "errorPct" : 1.8,
    "meanResTime" : 1006.7819999999995,
    "medianResTime" : 779.5,
    "minResTime" : 177.0,
    "maxResTime" : 5358.0,
    "pct1ResTime" : 2159.300000000001,
    "pct2ResTime" : 2632.899999999999,
    "pct3ResTime" : 4206.220000000001,
    "throughput" : 22.167050895548854,
    "receivedKBytesPerSec" : 10.545541513344563,
    "sentKBytesPerSec" : 2.532758744901578
  }
}